"image_id","image_name"
"7","1933147_527601957402645_3540595872258835619_o-1.jpg"
"8","12363108_521174844712023_1168355784492713579_o.jpg"
"15","YT-general.jpg"
"16","wp-top.jpg"
"17","test-top.jpg"
"18","cropped-test-top.jpg"
"19","Logo-for-Video-1.png"
"20","cropped-Logo-for-Video-1.png"
"21","logo-4x6-qvadro.png"
"22","cropped-logo-4x6-qvadro.png"
"24","ytb.jpg"
"25","ytb-wp.jpg"
"26","3105.jpg"
"27","3066.jpg"
"28","3072.jpg"
"29","3076.jpg"
"30","3103.jpg"
"31","3066-1.jpg"
"35","Logo-for-Video-2.png"
"36","cropped-Logo-for-Video-2.png"
"37","Logo-for-Video-1-1.png"
"38","cropped-Logo-for-Video-1-1.png"
"39","Logo-for-Video-1-2.png"
"40","cropped-Logo-for-Video-1-2.png"
"42","yt.png"
"50","Bazhen.jpg"
"51","troytsa.jpg"
"55","YT.jpg"
"58","YTB-wp.jpg"
"59","4328.jpg"
"60","4332.jpg"
"61","4328-1.jpg"
"62","YTB.jpg"
"67","golovna.jpg"
"71","golovna-1.jpg"
"72","4344.jpg"
"73","4361.jpg"
"74","4371.jpg"
"80","4352.jpg"
"81","4366.jpg"
"85","WP.jpg"
"87","IMG_4477.jpg"
"88","IMG_4474.jpg"
"89","IMG_4475.jpg"
"93","IMG_4552.jpg"
"94","IMG_4450.jpg"
"95","IMG_4552-1.jpg"
"96","IMG_4555.jpg"
"99","WP-1.jpg"
"100","IMG_4469.jpg"
"101","IMG_4460.jpg"
"102","IMG_4463.jpg"
"103","IMG_4466.jpg"
"104","IMG_4468.jpg"
"107","4513.jpg"
"108","4503.jpg"
"109","4508.jpg"
"110","4510.jpg"
"111","WP-2.jpg"
"112","WP-3.jpg"
"115","WP-4.jpg"
"116","IMG_2676.jpg"
"117","IMG_2667.jpg"
"118","IMG_2668.jpg"
"119","IMG_2672.jpg"
"122","WP-Sdobnyakov.jpg"
"141","IMG_4519.jpg"
"146","Romanenko-WP.jpg"
"157","wp-tytul.jpg"
"158","4695.jpg"
"159","4688.jpg"
"160","4692.jpg"
"166","Nozhenko-WP.jpg"
"169","litsej.jpg"
"172","WP-5.jpg"
"183","narada.png"
"188","wp-top-1.jpg"
"193","wp.jpg"
"194","330.jpg"
"195","009.jpg"
"196","010.jpg"
"197","020.jpg"
"198","030.jpg"
"199","040.jpg"
"200","050.jpg"
"201","060.jpg"
"202","070.jpg"
"203","080.jpg"
"204","090.jpg"
"205","100.jpg"
"206","110.jpg"
"207","120.jpg"
"208","130.jpg"
"209","140.jpg"
"210","150.jpg"
"211","160.jpg"
"212","170.jpg"
"213","180.jpg"
"214","190.jpg"
"215","200.jpg"
"216","210.jpg"
"217","220.jpg"
"218","230.jpg"
"219","240.jpg"
"220","250.jpg"
"221","260.jpg"
"222","270.jpg"
"223","280.jpg"
"224","290.jpg"
"225","300.jpg"
"226","310.jpg"
"227","320.jpg"
"234","WP-tor.jpg"
"237","IMG_5019.jpg"
"238","IMG_5016.jpg"
"239","IMG_5017.jpg"
"242","wp-top.jpg"
"247","WP-top.jpg"
"253","WP-top-1.jpg"
"254","5225.jpg"
"255","IMG_5225.jpg"
"256","IMG_5233.jpg"
"257","WP-top-2.jpg"
"261","WP-top-3.jpg"
"262","IMG_5166.jpg"
"263","IMG_5131.jpg"
"264","IMG_5133.jpg"
"265","IMG_5135.jpg"
"266","IMG_5137.jpg"
"267","IMG_5138.jpg"
"268","IMG_5158.jpg"
"269","IMG_5163.jpg"
"272","5089.jpg"
"273","YTB.jpg"
"275","WP-top-4.jpg"
"278","WP-top-5.jpg"
"281","WP-top-6.jpg"
"289","marsh-ukr27-1024x678.jpg"
"298","WP-top-7.jpg"
"300","IMG_5411.jpg"
"301","ZHytlo-dlya-molodi.jpg"
"302","Top-3-Berestovyj-oleg.jpg"
"303","Gromadyanska-pozytsiya.jpg"
"304","Tymchasovo-peremishhena-molod.jpg"
"305","Zdorove-zhyttya.jpg"
"306","zajnyatist-molodi.jpg"
"307","neformalna-osvita.jpg"
"310","WP-top-8.jpg"
"323","WP-Top.jpg"
"326","Investytsijna-rada-BMR-1.png"
"327","Investytsijna-rada-BMR-2.png"
"328","Investytsijna-rada-BMR-3.png"
"329","Investytsijna-rada-BMR-4.png"
"330","Investytsijna-rada-BMR-5.png"
"331","Investytsijna-rada-BMR-6.png"
"332","Investytsijna-rada-BMR-7.png"
"333","Investytsijna-rada-BMR-8.png"
"334","Investytsijna-rada-BMR-9.png"
"335","WP-Top-1.jpg"
"350","WP-TOP.jpg"
"351","Systema-golosuvannya-VICHE-1.jpg"
"352","Systema-golosuvannya-VICHE-2.jpg"
"353","Systema-golosuvannya-VICHE-3.jpg"
"354","Systema-golosuvannya-VICHE-4.jpg"
"355","Systema-golosuvannya-VICHE-5.jpg"
"356","Systema-golosuvannya-VICHE-1-1.jpg"
"357","Systema-golosuvannya-VICHE-2-1.jpg"
"358","Systema-golosuvannya-VICHE-3-1.jpg"
"359","Systema-golosuvannya-VICHE-4-1.jpg"
"360","Systema-golosuvannya-VICHE-5-1.jpg"
"361","Systema-golosuvannya-VICHE-1-2.jpg"
"362","Systema-golosuvannya-VICHE-2-2.jpg"
"363","Systema-golosuvannya-VICHE-3-2.jpg"
"364","Systema-golosuvannya-VICHE-4-2.jpg"
"365","Systema-golosuvannya-VICHE-5-2.jpg"
"369","viche-tablo.jpg"
"370","viche-zala.jpg"
"372","tsinova-propozytsiya.jpg"
"382","WP-TOP-1.jpg"
"388","WPr.jpg"
"397","wp-top-2.jpg"
"398","5985-2.jpg"
"399","5983-2.jpg"
"400","Dodatok-3.jpg"
"402","5990.jpg"
"405","IMG_6001.jpg"
"410","WPS.jpg"
"411","6011.jpg"
"412","YTB-1.jpg"
"413","IMG_6039.jpg"
"420","6313.jpg"
"421","6317.jpg"
"422","6335.jpg"
"423","6349.jpg"
"424","6355.jpg"
"425","6377.jpg"
"426","6392.jpg"
"427","6395.jpg"
"428","WPR-top.jpg"
"432","wp-top-1.jpg"
"433","IGpv-60.jpg"
"434","IGpv-10.jpg"
"435","IGpv-30.jpg"
"436","IGpv-40.jpg"
"437","IGpv-50.jpg"
"440","wp-top-3.jpg"
"443","Bilenko-Myhajlo-Markovych.jpg"
"444","Golubovskyj-Grygorij-Pavlovych.jpg"
"445","Ivchenko-Kateryna-Anatoliyivna-TRANSPROEKT.jpg"
"446","Malofiyenko-Viktor-Vasylovych.jpg"
"447","Pidtoplennya-3.jpg"
"448","Pidtoplennya-4.jpg"
"449","Pidtoplennya-5.jpg"
"450","Pidtoplennya-8.jpg"
"453","6418.jpg"
"454","6414.jpg"
"455","WP-top-9.jpg"
"461","wp-top-4.jpg"
"462","6439.jpg"
"463","6431.jpg"
"464","6435.jpg"
"465","6436.jpg"
"469","6447-top.jpg"
"470","6454.jpg"
"471","6453.jpg"
"477","lyst-1.jpg"
"478","lyst-2.jpg"
"479","WP-top-10.jpg"
"480","f3.jpg"
"481","f2.jpg"
"483","704.jpg"
"484","700.jpg"
"485","702.jpg"
"493","wp-top-5.jpg"
"496","0980.jpg"
"497","0997.jpg"
"498","1025.jpg"
"503","wp-top-6.jpg"
"504","wp-top-7.jpg"
"505","YTB-2.jpg"
"506","6998.jpg"
"507","6979.jpg"
"508","6983.jpg"
"509","6995.jpg"
"514","wp-top-8.jpg"
"515","IMG_6676.jpg"
"516","IMG_6679.jpg"
"517","IMG_6683.jpg"
"518","IMG_6596.jpg"
"519","IMG_6607.jpg"
"520","IMG_6610.jpg"
"521","IMG_6625.jpg"
"522","IMG_6631.jpg"
"523","IMG_6640.jpg"
"524","IMG_6644.jpg"
"525","IMG_6648.jpg"
"526","IMG_6656.jpg"
"527","IMG_6661.jpg"
"528","IMG_6666.jpg"
"529","IMG_6672.jpg"
"538","wp-top-9.jpg"
"544","WP-TOP-2.jpg"
"546","S9-01.jpg"
"547","S9-02.jpg"
"548","S9-03.jpg"
"549","S9-04.jpg"
"550","S9-05.jpg"
"551","S9-06.jpg"
"552","S9-07.jpg"
"553","S9-08.jpg"
"554","S9-09.jpg"
"555","S9-10.jpg"
"556","S9-11.jpg"
"557","S9-12.jpg"
"558","S9-13.jpg"
"559","S9-14.jpg"
"560","S9-15.jpg"
"561","S9-16.jpg"
"562","S9-17.jpg"
"563","S9-18.jpg"
"564","S9-19.jpg"
"565","S9-20.jpg"
"566","S9-21.jpg"
"567","S9-22.jpg"
"568","S9-23.jpg"
"569","S9-24.jpg"
"570","S9-25.jpg"
"571","S9-26.jpg"
"572","S9-27.jpg"
"573","S9-28.jpg"
"574","S9-29.jpg"
"575","S9-30.jpg"
"576","S9-31.jpg"
"577","S9-32.jpg"
"578","S9-33.jpg"
"579","S9-34.jpg"
"580","7913.jpg"
"581","7601.jpg"
"582","7660.jpg"
"583","7700.jpg"
"587","WP-TOP-3.jpg"
"588","8056.jpg"
"589","8035.jpg"
"590","8048.jpg"
"591","8051.jpg"
"596","8016.jpg"
"597","8021.jpg"
"598","8025.jpg"
"599","IMG_8010.jpg"
"600","8011.jpg"
"601","WP-top-11.jpg"
"606","IMG_8139.jpg"
"607","8144.jpg"
"608","8141.jpg"
"609","WP-top.jpg"
"610","Zvernennya-shhodo-nedijsnogo-vykonkomu.pdf"
"611","Zvernennya-shhodo-nedijsnogo-vykonkomu.jpg"
"615","wp-top.jpg"
"616","8062.jpg"
"617","8064.jpg"
"620","Zbory-koordynatsijnoyi-rady-gromadskyh-organizatsij-10.jpg"
"621","Zbory-koordynatsijnoyi-rady-gromadskyh-organizatsij-01.jpg"
"622","Zbory-koordynatsijnoyi-rady-gromadskyh-organizatsij-02.jpg"
"623","Zbory-koordynatsijnoyi-rady-gromadskyh-organizatsij-03.jpg"
"624","Zbory-koordynatsijnoyi-rady-gromadskyh-organizatsij-04.jpg"
"625","Zbory-koordynatsijnoyi-rady-gromadskyh-organizatsij-05.jpg"
"626","Zbory-koordynatsijnoyi-rady-gromadskyh-organizatsij-06.jpg"
"627","Zbory-koordynatsijnoyi-rady-gromadskyh-organizatsij-07.jpg"
"628","Zbory-koordynatsijnoyi-rady-gromadskyh-organizatsij-08.jpg"
"629","Zbory-koordynatsijnoyi-rady-gromadskyh-organizatsij-09.jpg"
"637","Samopomich_Brovary_1.jpg"
"638","Samopomich_Brovary_2.jpg"
"639","Samopomich_Brovary_3.jpg"
"640","Samopomich_Brovary_4.jpg"
"641","Samopomich_Brovary_5.jpg"
"642","Samopomich_Brovary_6.jpg"
"643","Samopomich_Brovary_7.jpg"
"644","Samopomich_Brovary_8.jpg"
"645","Samopomich_Brovary_9.jpg"
"651","rada-dyrektoriv1.jpg"
"652","rada-dyrektoriv2.jpg"
"653","wptop.jpg"
"657","wp-top-1.jpg"
"658","wp-top-2.jpg"
"660","Zustrich-po-remontu-mostu-na-Torgmash-1.jpg"
"661","Zustrich-po-remontu-mostu-na-Torgmash-2.jpg"
"662","Zustrich-po-remontu-mostu-na-Torgmash-3.jpg"
"663","Zustrich-po-remontu-mostu-na-Torgmash-4.jpg"
"664","Zustrich-po-remontu-mostu-na-Torgmash-5.jpg"
"669","Brovary_proty_avtomyjky_24.jpg"
"670","Brovary_proty_avtomyjky_01.jpg"
"671","Brovary_proty_avtomyjky_02.jpg"
"672","Brovary_proty_avtomyjky_03.jpg"
"673","Brovary_proty_avtomyjky_04.jpg"
"674","Brovary_proty_avtomyjky_05.jpg"
"675","Brovary_proty_avtomyjky_06.jpg"
"676","Brovary_proty_avtomyjky_07.jpg"
"677","Brovary_proty_avtomyjky_08.jpg"
"678","Brovary_proty_avtomyjky_09.jpg"
"679","Brovary_proty_avtomyjky_10.jpg"
"680","Brovary_proty_avtomyjky_11.jpg"
"681","Brovary_proty_avtomyjky_12.jpg"
"682","Brovary_proty_avtomyjky_13.jpg"
"683","Brovary_proty_avtomyjky_14.jpg"
"684","Brovary_proty_avtomyjky_15.jpg"
"685","Brovary_proty_avtomyjky_16.jpg"
"686","Brovary_proty_avtomyjky_17.jpg"
"687","Brovary_proty_avtomyjky_18.jpg"
"688","Brovary_proty_avtomyjky_19.jpg"
"689","Brovary_proty_avtomyjky_20.jpg"
"690","Brovary_proty_avtomyjky_21.jpg"
"691","Brovary_proty_avtomyjky_22.jpg"
"692","Brovary_proty_avtomyjky_23.jpg"
"693","wp-top-3.jpg"
"695","wp-top-4.jpg"
"697","wp-top-5.jpg"
"703","wp-top-6.jpg"
"704","8309.jpg"
"705","8124.jpg"
"706","8128.jpg"
"707","8131.jpg"
"708","8304.jpg"
"709","8305.jpg"
"712","wp-top-7.jpg"
"713","Zvit-deputata-Verhovnoyi-Rady-Ukrayiny-Pavla-Rizanenka-1.jpg"
"714","Zvit-deputata-Verhovnoyi-Rady-Ukrayiny-Pavla-Rizanenka-2.jpg"
"715","Zvit-deputata-Verhovnoyi-Rady-Ukrayiny-Pavla-Rizanenka-3.jpg"
"716","Zvit-deputata-Verhovnoyi-Rady-Ukrayiny-Pavla-Rizanenka-4.jpg"
"717","Zvit-deputata-Verhovnoyi-Rady-Ukrayiny-Pavla-Rizanenka-5.jpg"
"718","Zvit-deputata-Verhovnoyi-Rady-Ukrayiny-Pavla-Rizanenka-6.jpg"
"719","Zvit-deputata-Verhovnoyi-Rady-Ukrayiny-Pavla-Rizanenka-7.jpg"
"720","Zvit-deputata-Verhovnoyi-Rady-Ukrayiny-Pavla-Rizanenka-8.jpg"
"721","Zvit-deputata-Verhovnoyi-Rady-Ukrayiny-Pavla-Rizanenka-9.jpg"
"724","WPtop.jpg"
"727","wp-top-8.jpg"
"728","8609.jpg"
"729","8608.jpg"
"732","wp-top-9.jpg"
"733","8621.jpg"
"734","8611.jpg"
"735","8612.jpg"
"736","8620.jpg"
"740","wp-top-10.jpg"
"741","wp-top-11.jpg"
"752","wp-top-12.jpg"
"753","9269.jpg"
"769","wp-top-1-1.jpg"
"770","9.jpg"
"771","wp-top-13.jpg"
"775","wp-top-14.jpg"
"776","Sesiya_BMR_-11-24.jpg"
"777","Sesiya_BMR_-11-01.jpg"
"778","Sesiya_BMR_-11-02.jpg"
"779","Sesiya_BMR_-11-03.jpg"
"780","Sesiya_BMR_-11-04.jpg"
"781","Sesiya_BMR_-11-05.jpg"
"782","Sesiya_BMR_-11-06.jpg"
"783","Sesiya_BMR_-11-07.jpg"
"784","Sesiya_BMR_-11-08.jpg"
"785","Sesiya_BMR_-11-09.jpg"
"786","Sesiya_BMR_-11-10.jpg"
"787","Sesiya_BMR_-11-11.jpg"
"788","Sesiya_BMR_-11-12.jpg"
"789","Sesiya_BMR_-11-13.jpg"
"790","Sesiya_BMR_-11-14.jpg"
"791","Sesiya_BMR_-11-15.jpg"
"792","Sesiya_BMR_-11-16.jpg"
"793","Sesiya_BMR_-11-17.jpg"
"794","Sesiya_BMR_-11-18.jpg"
"795","Sesiya_BMR_-11-19.jpg"
"796","Sesiya_BMR_-11-20.jpg"
"797","Sesiya_BMR_-11-21.jpg"
"798","Sesiya_BMR_-11-22.jpg"
"799","Sesiya_BMR_-11-23.jpg"
"803","Brovarska-dytyacha-likarnya-190.jpg"
"804","Brovarska-dytyacha-likarnya-010.jpg"
"805","Brovarska-dytyacha-likarnya-020.jpg"
"806","Brovarska-dytyacha-likarnya-030.jpg"
"807","Brovarska-dytyacha-likarnya-040.jpg"
"808","Brovarska-dytyacha-likarnya-050.jpg"
"809","Brovarska-dytyacha-likarnya-060.jpg"
"810","Brovarska-dytyacha-likarnya-070.jpg"
"811","Brovarska-dytyacha-likarnya-080.jpg"
"812","Brovarska-dytyacha-likarnya-090.jpg"
"813","Brovarska-dytyacha-likarnya-100.jpg"
"814","Brovarska-dytyacha-likarnya-110.jpg"
"815","Brovarska-dytyacha-likarnya-120.jpg"
"816","Brovarska-dytyacha-likarnya-130.jpg"
"817","Brovarska-dytyacha-likarnya-140.jpg"
"818","Brovarska-dytyacha-likarnya-150.jpg"
"819","Brovarska-dytyacha-likarnya-160.jpg"
"820","Brovarska-dytyacha-likarnya-170.jpg"
"821","Brovarska-dytyacha-likarnya-180.jpg"
"822","wp-top-1-2.jpg"
"825","Aktsiya_proty_avtomyjky-01.jpg"
"826","Aktsiya_proty_avtomyjky-02.jpg"
"827","Aktsiya_proty_avtomyjky-03.jpg"
"828","Aktsiya_proty_avtomyjky-04.jpg"
"829","Aktsiya_proty_avtomyjky-05.jpg"
"830","Aktsiya_proty_avtomyjky-06.jpg"
"831","Aktsiya_proty_avtomyjky-07.jpg"
"832","Aktsiya_proty_avtomyjky-08.jpg"
"833","Aktsiya_proty_avtomyjky-09.jpg"
"834","Aktsiya_proty_avtomyjky-10.jpg"
"835","Aktsiya_proty_avtomyjky-11.jpg"
"836","Aktsiya_proty_avtomyjky-12.jpg"
"837","Aktsiya_proty_avtomyjky-13.jpg"
"838","Aktsiya_proty_avtomyjky-14.jpg"
"839","Aktsiya_proty_avtomyjky-15.jpg"
"840","Aktsiya_proty_avtomyjky-16.jpg"
"841","Aktsiya_proty_avtomyjky-17.jpg"
"842","Aktsiya_proty_avtomyjky-18.jpg"
"843","Aktsiya_proty_avtomyjky-19.jpg"
"844","Aktsiya_proty_avtomyjky-20.jpg"
"845","Aktsiya_proty_avtomyjky-21.jpg"
"846","Aktsiya_proty_avtomyjky-22.jpg"
"849","Sesiya-12-Brovarskoyi-miskoyi-rady-010.jpg"
"850","Sesiya-12-Brovarskoyi-miskoyi-rady-020.jpg"
"851","Sesiya-12-Brovarskoyi-miskoyi-rady-030.png"
"852","Sesiya-12-Brovarskoyi-miskoyi-rady-040.jpg"
"853","Sesiya-12-Brovarskoyi-miskoyi-rady-050.jpg"
"854","Sesiya-12-Brovarskoyi-miskoyi-rady-060.jpg"
"855","Sesiya-12-Brovarskoyi-miskoyi-rady-070.jpg"
"856","Sesiya-12-Brovarskoyi-miskoyi-rady-080.jpg"
"857","Sesiya-12-Brovarskoyi-miskoyi-rady-090.jpg"
"858","Sesiya-12-Brovarskoyi-miskoyi-rady-100.jpg"
"861","wp-top-15.jpg"
"862","9599.jpg"
"863","9593.jpg"
"864","9595.jpg"
"865","9597.jpg"
"866","9598.jpg"
"869","Zemelna-komisiya-Kulynychi-10.jpg"
"870","Zemelna-komisiya-Kulynychi-20.jpg"
"871","Zemelna-komisiya-Kulynychi-30.jpg"
"872","Zemelna-komisiya-Kulynychi-50.jpg"
"873","Zemelna-komisiya-Kulynychi-60.jpg"
"874","Zemelna-komisiya-Kulynychi-70.jpg"
"875","Zemelna-komisiya-Kulynychi-80.jpg"
"876","Zemelna-komisiya-Kulynychi-90.jpg"
"877","wp-top-16.jpg"
"878","wp-top-17.jpg"
"879","wp-top-10-1.jpg"
"882","Zustrich-shhodo-pozhezhoyi-drabyny-10.jpg"
"883","Zustrich-shhodo-pozhezhoyi-drabyny-20.jpg"
"884","Zustrich-shhodo-pozhezhoyi-drabyny-30.jpg"
"885","Zustrich-shhodo-pozhezhoyi-drabyny-40.jpg"
"886","wp-top-18.jpg"
"890","wp-top-19.jpg"
"892","12593930_1683003811951027_524387137548825825_o.jpg"
"894","WP-top-1.jpg"
"895","737.jpg"
"896","734.jpg"
"903","wp-top-20.jpg"
"907","wp-top-radio.jpg"
"909","wp-top.jpg"
"910","0141.jpg"
"911","0134.jpg"
"912","0138.jpg"
"915","wp-top-1.jpg"
"916","130.jpg"
"917","010.jpg"
"918","020.jpg"
"919","030.jpg"
"920","040.jpg"
"921","050.jpg"
"922","060.jpg"
"923","070.jpg"
"924","080.jpg"
"925","090.jpg"
"926","100.jpg"
"927","110.jpg"
"928","120.jpg"
"931","0148.jpg"
"932","IMG_0144.jpg"
"933","wp-top-2.jpg"
"939","wp-top-2-1.jpg"
"944","wp-top-3.jpg"
"947","196.jpg"
"953","110-1.jpg"
"954","010-1.jpg"
"955","020-1.jpg"
"956","030-1.jpg"
"957","032.jpg"
"958","033.jpg"
"959","040-1.jpg"
"960","050-1.jpg"
"961","060-1.jpg"
"962","070-1.jpg"
"963","080-1.jpg"
"964","090-1.jpg"
"965","100-1.jpg"
"967","wp-top-4.jpg"
"968","wp-top-5.jpg"
"972","12983460_1694396977478377_3117612265765288238_o.jpg"
"973","13002378_1694397114145030_2586027818306295692_o.jpg"
"974","12967976_1694397007478374_4993062086636489319_o.jpg"
"975","13041331_1694396974145044_2493777230820388993_o.jpg"
"981","wp-top-6.jpg"
"990","13055787_709442405825046_2967253218357833200_o.jpg"
"991","11416172_709442395825047_4271941044693276696_n.jpg"
"992","13010712_709442322491721_1469717195409797490_n.jpg"
"999","13241316_724273951008558_5310114444123131134_n.png"
"1003","13339472_1077722455633988_2594457403475623702_n.jpg"
"1006","wptop.jpg"
"1014","210.jpg"
"1015","040.jpg"
"1022","050.jpg"
"1026","Golovne-1800x720-logo.jpg"
"1028","Golovne-1800x810.jpg"
"1029","Golovne-1800x810-copy.jpg"
"1030","Golovne-1800x810-240.jpg"
"1034","f2.png"
"1042","mmmeemo.png"
"1044","2-VP.jpg"
"1045","2-VP-1.jpg"
"1046","1800_720.jpg"
"1052","Logo.png"
"1053","cropped-Logo.png"
"1055","Logo128.png"
"1056","cropped-Logo128.png"
"1057","cropped-Logo-1.png"
"1060","12363108_521174844712023_1168355784492713579_o.jpg"
"1061","cropped-12363108_521174844712023_1168355784492713579_o.jpg"
"1063","Logo-Transparent.png"
